trial,phase,status_code,response_text
316,vibration,500,Internal Server Error
402,vibration,500,Internal Server Error
403,vibration,500,Internal Server Error
404,vibration,500,Internal Server Error
405,vibration,500,Internal Server Error
406,vibration,500,Internal Server Error
407,vibration,500,Internal Server Error
408,vibration,500,Internal Server Error
409,vibration,500,Internal Server Error
410,vibration,500,Internal Server Error
411,vibration,500,Internal Server Error
412,vibration,500,Internal Server Error
413,vibration,500,Internal Server Error
414,vibration,500,Internal Server Error
415,vibration,500,Internal Server Error
416,vibration,500,Internal Server Error
417,vibration,500,Internal Server Error
418,vibration,500,Internal Server Error
419,vibration,500,Internal Server Error
420,vibration,500,Internal Server Error
421,vibration,500,Internal Server Error
422,vibration,500,Internal Server Error
423,vibration,500,Internal Server Error
424,vibration,500,Internal Server Error
425,vibration,500,Internal Server Error
426,vibration,500,Internal Server Error
427,vibration,500,Internal Server Error
428,vibration,500,Internal Server Error
429,vibration,500,Internal Server Error
430,vibration,500,Internal Server Error
431,vibration,500,Internal Server Error
432,vibration,500,Internal Server Error
433,vibration,500,Internal Server Error
434,vibration,500,Internal Server Error
435,vibration,500,Internal Server Error
436,vibration,500,Internal Server Error
437,vibration,500,Internal Server Error
443,vibration,500,Internal Server Error
455,vibration,500,Internal Server Error
